environment | time (millisecond),membrane | i_to_plus_p_K_0 (picoA_per_picoF),membrane | i_to_plus_p_K_10 (picoA_per_picoF),membrane | i_to_plus_p_K_20 (picoA_per_picoF),membrane | i_to_plus_p_K_30 (picoA_per_picoF),membrane | i_to_plus_p_K_40 (picoA_per_picoF),membrane | i_to_plus_p_K_50 (picoA_per_picoF),membrane | i_to_plus_p_K_60 (picoA_per_picoF),membrane | i_to_plus_p_K_70 (picoA_per_picoF),membrane | i_to_plus_p_K_80 (picoA_per_picoF),membrane | i_to_plus_p_K_neg10 (picoA_per_picoF),membrane | i_to_plus_p_K_neg20 (picoA_per_picoF),membrane | i_to_plus_p_K_neg30 (picoA_per_picoF)
100,0.0380948,0.212401,0.941434,2.37598,3.41936,3.92962,4.26944,4.57123,4.8652,0.00640764,0.00104891,0.000167519
101,0.0758005,0.469877,1.99588,4.54369,6.72545,8.17048,9.152,9.92267,10.6077,0.0114164,0.00175207,0.000267916
102,0.0987924,0.58339,2.13149,4.24218,6.00978,7.3476,8.29792,9.01834,9.64628,0.0150468,0.00236175,0.000360598
103,0.111326,0.611152,1.94223,3.52529,4.80174,5.88203,6.80505,7.50552,8.06809,0.0175837,0.00288566,0.000445696
104,0.116649,0.592852,1.68172,2.8961,3.84584,4.65245,5.48318,6.22099,6.78739,0.0192674,0.0033322,0.000523481
105,0.11717,0.552878,1.43832,2.42321,3.18105,3.78408,4.45168,5.18012,5.80217,0.020296,0.00370975,0.000594311
106,0.114624,0.505146,1.23548,2.08256,2.73024,3.20158,3.71302,4.34695,5.00411,0.0208299,0.00402638,0.000658591
107,0.110238,0.45707,1.07394,1.83962,2.42434,2.81317,3.2085,3.71562,4.33239,0.020997,0.00428964,0.000716752
108,0.104859,0.412264,0.947694,1.66611,2.21517,2.55242,2.8687,3.26455,3.78439,0.0208978,0.00450644,0.000769231
109,0.0990555,0.372213,0.849707,1.54153,2.07082,2.37579,2.63974,2.95321,3.36762,0.0206108,0.00468302,0.000816459
110,0.0932015,0.33727,0.773709,1.45146,1.97033,2.25509,2.48474,2.74135,3.06914,0.0201963,0.00482497,0.000858858
111,0.087531,0.307221,0.714617,1.38592,1.89988,2.17202,2.37928,2.59783,2.86293,0.0197,0.00493722,0.000896829
112,0.0821823,0.281597,0.668471,1.33793,1.85021,2.11454,2.30722,2.50069,2.72309,0.0191565,0.00502413,0.000930754
113,0.0772292,0.259849,0.632244,1.30261,1.81508,2.07466,2.25786,2.43495,2.62914,0.0185913,0.00508951,0.00096099
114,0.072702,0.241428,0.603636,1.2765,1.79025,2.04702,2.22406,2.3905,2.56638,0.0180229,0.00513668,0.000987872
115,0.0686032,0.225831,0.58091,1.25714,1.77277,2.028,2.20103,2.36053,2.52465,0.0174646,0.00516851,0.00101171
116,0.0649183,0.212613,0.562744,1.24276,1.76058,2.01511,2.18555,2.34052,2.49709,0.0169254,0.00518749,0.00103279
117,0.0616223,0.20139,0.548136,1.23208,1.7522,2.00662,2.17542,2.32743,2.47913,0.0164113,0.00519576,0.00105138
118,0.0586852,0.19184,0.53632,1.22414,1.74656,2.00127,2.16915,2.31922,2.46777,0.015926,0.00519516,0.00106771
119,0.0560749,0.183689,0.526706,1.21826,1.74283,1.99812,2.16564,2.31453,2.46103,0.0154714,0.00518727,0.00108202
120,0.0537594,0.176711,0.518841,1.21391,1.7404,1.9964,2.16403,2.31236,2.45761,0.0150481,0.00517344,0.00109449
121,0.0517078,0.170716,0.512371,1.21071,1.73877,1.99549,2.16361,2.31194,2.45658,0.014656,0.0051548,0.00110532
122,0.049891,0.165547,0.507022,1.20835,1.73756,1.99491,2.16376,2.31256,2.45719,0.0142943,0.00513234,0.00111468
123,0.0482826,0.161074,0.502576,1.20661,1.7365,1.99429,2.16397,2.31358,2.45873,0.0139615,0.00510689,0.0011227
124,0.0468583,0.157188,0.498864,1.20531,1.73541,1.99344,2.16389,2.31446,2.46049,0.0136563,0.00507913,0.00112954
125,0.0455965,0.153799,0.495749,1.20431,1.7342,1.99228,2.16335,2.31483,2.46189,0.0133768,0.00504967,0.00113532
126,0.0444776,0.150831,0.493123,1.2035,1.73286,1.99083,2.16232,2.31453,2.46253,0.0131214,0.00501899,0.00114015
127,0.0434845,0.148221,0.490901,1.20281,1.73141,1.98916,2.16089,2.31359,2.46231,0.0128883,0.00498751,0.00114412
128,0.0426018,0.145916,0.489012,1.20216,1.72987,1.98736,2.15918,2.31215,2.46132,0.0126758,0.00495558,0.00114734
129,0.0418161,0.143872,0.487399,1.20153,1.72831,1.98552,2.15731,2.31038,2.45976,0.0124821,0.00492347,0.00114989
130,0.0411155,0.142051,0.486017,1.20089,1.72676,1.98368,2.15539,2.30843,2.45785,0.0123058,0.00489142,0.00115183
131,0.0404897,0.140423,0.484827,1.20023,1.72526,1.9819,2.15348,2.30642,2.45576,0.0121452,0.00485963,0.00115325
132,0.0399294,0.13896,0.4838,1.19954,1.72381,1.98021,2.15163,2.30443,2.45362,0.0119991,0.00482825,0.00115419
133,0.0394267,0.137639,0.48291,1.19884,1.72245,1.97862,2.14988,2.30251,2.45152,0.011866,0.00479741,0.00115471
134,0.0389746,0.136443,0.482135,1.19814,1.72118,1.97714,2.14824,2.30069,2.4495,0.0117449,0.00476719,0.00115487
135,0.0385668,0.135354,0.481458,1.19743,1.72,1.97577,2.14672,2.299,2.4476,0.0116346,0.00473769,0.00115469
136,0.038198,0.134358,0.480865,1.19673,1.7189,1.97452,2.14532,2.29743,2.44584,0.0115341,0.00470896,0.00115424
137,0.0378636,0.133444,0.480342,1.19605,1.7179,1.97337,2.14404,2.29598,2.44421,0.0114425,0.00468103,0.00115353
138,0.0375593,0.132601,0.47988,1.1954,1.71699,1.97233,2.14287,2.29467,2.44272,0.0113589,0.00465394,0.0011526
139,0.0372816,0.131821,0.47947,1.19478,1.71615,1.97138,2.14181,2.29347,2.44136,0.0112825,0.00462771,0.00115149
140,0.0370272,0.131097,0.479103,1.19419,1.71539,1.97053,2.14085,2.29239,2.44014,0.0112128,0.00460235,0.0011502
141,0.0367936,0.130421,0.478775,1.19364,1.7147,1.96976,2.14,2.29142,2.43904,0.011149,0.00457785,0.00114878
142,0.0365781,0.129789,0.478478,1.19313,1.71408,1.96907,2.13923,2.29055,2.43805,0.0110906,0.00455421,0.00114723
143,0.0363787,0.129196,0.478208,1.19265,1.71352,1.96845,2.13854,2.28978,2.43717,0.0110371,0.00453143,0.00114557
144,0.0361936,0.128637,0.477961,1.19221,1.71301,1.9679,2.13793,2.28909,2.43639,0.0109879,0.00450949,0.00114383
145,0.036021,0.128109,0.477733,1.1918,1.71256,1.96742,2.13739,2.28848,2.43569,0.0109428,0.00448836,0.00114201
146,0.0358596,0.127609,0.477522,1.19143,1.71216,1.96698,2.13691,2.28794,2.43507,0.0109012,0.00446804,0.00114014
147,0.0357081,0.127134,0.477323,1.19109,1.7118,1.9666,2.13649,2.28745,2.4345,0.0108628,0.00444851,0.00113821
148,0.0355654,0.126681,0.477135,1.19077,1.71148,1.96627,2.13611,2.28701,2.43399,0.0108274,0.00442972,0.00113624
149,0.0354306,0.12625,0.476956,1.19048,1.7112,1.96597,2.13578,2.28662,2.43354,0.0107946,0.00441168,0.00113424
150,0.0353027,0.125837,0.476784,1.19022,1.71095,1.96571,2.13548,2.28629,2.43315,0.0107642,0.00439434,0.00113221
151,0.0351811,0.125442,0.476617,1.18999,1.71073,1.96548,2.13523,2.286,2.43284,0.010736,0.00437769,0.00113018
152,0.0350651,0.125063,0.476453,1.18977,1.71054,1.96529,2.13502,2.28578,2.43261,0.0107098,0.00436169,0.00112813
153,0.0349541,0.124698,0.476293,1.18957,1.71037,1.96512,2.13486,2.28562,2.43246,0.0106853,0.00434634,0.00112607
154,0.0348476,0.124347,0.476135,1.1894,1.71023,1.96499,2.13474,2.28551,2.43238,0.0106624,0.00433159,0.00112402
155,0.0347451,0.124009,0.475977,1.18924,1.7101,1.96489,2.13466,2.28546,2.43235,0.010641,0.00431742,0.00112197
156,0.0346463,0.123683,0.475821,1.18909,1.70999,1.96482,2.13462,2.28544,2.43237,0.0106209,0.00430382,0.00111992
157,0.0345508,0.123367,0.475665,1.18896,1.7099,1.96477,2.1346,2.28545,2.43241,0.010602,0.00429076,0.00111789
158,0.0344583,0.123063,0.475508,1.18884,1.70983,1.96475,2.13461,2.28548,2.43245,0.0105841,0.00427821,0.00111587
159,0.0343685,0.122768,0.475352,1.18874,1.70977,1.96474,2.13462,2.28551,2.4325,0.0105673,0.00426615,0.00111387
160,0.0342813,0.122482,0.475195,1.18864,1.70972,1.96474,2.13464,2.28554,2.43253,0.0105513,0.00425456,0.00111189
161,0.0341963,0.122205,0.475039,1.18856,1.70969,1.96475,2.13466,2.28557,2.43256,0.0105361,0.00424343,0.00110993
162,0.0341134,0.121936,0.474882,1.18849,1.70967,1.96476,2.13468,2.28558,2.43258,0.0105217,0.00423272,0.00110799
163,0.0340324,0.121675,0.474726,1.18842,1.70966,1.96477,2.13469,2.2856,2.43259,0.0105079,0.00422243,0.00110607
164,0.0339532,0.121422,0.474571,1.18836,1.70965,1.96478,2.1347,2.28561,2.4326,0.0104948,0.00421252,0.00110417
165,0.0338756,0.121175,0.474416,1.18831,1.70965,1.96479,2.13471,2.28561,2.4326,0.0104822,0.00420299,0.0011023
166,0.0337996,0.120936,0.474263,1.18826,1.70966,1.9648,2.13471,2.28561,2.4326,0.0104701,0.00419382,0.00110046
167,0.033725,0.120703,0.474111,1.18822,1.70966,1.9648,2.13472,2.28562,2.4326,0.0104584,0.00418499,0.00109864
168,0.0336518,0.120477,0.473962,1.18818,1.70966,1.96481,2.13472,2.28562,2.4326,0.0104472,0.00417648,0.00109685
169,0.0335797,0.120256,0.473815,1.18815,1.70967,1.96481,2.13472,2.28562,2.4326,0.0104363,0.00416828,0.00109508
170,0.0335089,0.120042,0.473671,1.18812,1.70967,1.96481,2.13472,2.28562,2.4326,0.0104258,0.00416038,0.00109334
171,0.0334392,0.119833,0.473529,1.1881,1.70967,1.96481,2.13472,2.28562,2.4326,0.0104157,0.00415276,0.00109163
172,0.0333705,0.119629,0.473391,1.18808,1.70968,1.96481,2.13472,2.28562,2.4326,0.0104058,0.00414541,0.00108994
173,0.0333028,0.119431,0.473257,1.18806,1.70968,1.96481,2.13472,2.28562,2.4326,0.0103961,0.00413831,0.00108829
174,0.0332361,0.119237,0.473127,1.18805,1.70968,1.96481,2.13472,2.28562,2.4326,0.0103868,0.00413145,0.00108666
175,0.0331703,0.119049,0.473,1.18803,1.70968,1.96481,2.13472,2.28562,2.4326,0.0103776,0.00412483,0.00108505
176,0.0331054,0.118865,0.472878,1.18802,1.70968,1.96481,2.13472,2.28562,2.4326,0.0103687,0.00411842,0.00108347
177,0.0330412,0.118685,0.47276,1.18801,1.70968,1.96481,2.13472,2.28562,2.4326,0.0103599,0.00411223,0.00108192
178,0.0329779,0.11851,0.472647,1.18801,1.70968,1.96481,2.13472,2.28562,2.4326,0.0103514,0.00410624,0.0010804
179,0.0329154,0.11834,0.472538,1.188,1.70968,1.96481,2.13472,2.28562,2.4326,0.010343,0.00410044,0.0010789
180,0.0328536,0.118173,0.472434,1.188,1.70968,1.96481,2.13472,2.28562,2.4326,0.0103347,0.00409482,0.00107742
181,0.0327925,0.118011,0.472334,1.18799,1.70968,1.96481,2.13472,2.28562,2.43261,0.0103266,0.00408937,0.00107597
182,0.0327321,0.117852,0.472238,1.18799,1.70968,1.96481,2.13472,2.28562,2.4326,0.0103186,0.00408409,0.00107455
183,0.0326723,0.117697,0.472147,1.18799,1.70968,1.96481,2.13472,2.28562,2.4326,0.0103108,0.00407897,0.00107314
184,0.0326133,0.117546,0.47206,1.18799,1.70968,1.96481,2.13472,2.28562,2.43261,0.010303,0.004074,0.00107177
185,0.0325548,0.117398,0.471978,1.18799,1.70968,1.96481,2.13472,2.28562,2.4326,0.0102954,0.00406917,0.00107041
186,0.032497,0.117253,0.4719,1.18799,1.70968,1.96481,2.13472,2.28562,2.4326,0.0102878,0.00406448,0.00106908
187,0.0324398,0.117112,0.471825,1.18799,1.70968,1.96481,2.13472,2.28562,2.4326,0.0102804,0.00405991,0.00106777
188,0.0323832,0.116975,0.471755,1.18799,1.70968,1.96481,2.13472,2.28562,2.4326,0.010273,0.00405548,0.00106649
189,0.0323271,0.11684,0.471689,1.18799,1.70968,1.96481,2.13472,2.28562,2.4326,0.0102657,0.00405116,0.00106522
190,0.0322716,0.116708,0.471626,1.18799,1.70968,1.96481,2.13472,2.28562,2.4326,0.0102585,0.00404695,0.00106398
191,0.0322167,0.11658,0.471567,1.18799,1.70968,1.96481,2.13472,2.28562,2.4326,0.0102514,0.00404285,0.00106276
192,0.0321623,0.116454,0.471511,1.18799,1.70968,1.96481,2.13472,2.28562,2.4326,0.0102444,0.00403885,0.00106156
193,0.0321084,0.116331,0.471458,1.18799,1.70968,1.96481,2.13472,2.28562,2.4326,0.0102374,0.00403495,0.00106038
194,0.032055,0.116211,0.471408,1.18799,1.70968,1.96481,2.13472,2.28562,2.4326,0.0102304,0.00403115,0.00105922
195,0.0320022,0.116093,0.471362,1.18799,1.70968,1.96481,2.13472,2.28562,2.4326,0.0102236,0.00402743,0.00105808
196,0.0319498,0.115978,0.471318,1.18799,1.70968,1.96481,2.13472,2.28562,2.4326,0.0102168,0.0040238,0.00105695
197,0.031898,0.115866,0.471277,1.18799,1.70968,1.96481,2.13472,2.28562,2.4326,0.01021,0.00402025,0.00105585
198,0.0318466,0.115756,0.471238,1.18799,1.70968,1.96481,2.13472,2.28562,2.4326,0.0102033,0.00401678,0.00105476
199,0.0317957,0.115648,0.471202,1.18799,1.70968,1.96481,2.13472,2.28562,2.4326,0.0101966,0.00401338,0.00105369
200,0.0317452,0.115543,0.471168,1.18799,1.70968,1.96481,2.13472,2.28562,2.4326,0.01019,0.00401005,0.00105264
201,0.0316952,0.11544,0.471137,1.18799,1.70968,1.96481,2.13472,2.28562,2.4326,0.0101834,0.00400679,0.00105161
202,0.0316457,0.115339,0.471107,1.18799,1.70968,1.96481,2.13472,2.28562,2.4326,0.0101769,0.0040036,0.00105059
203,0.0315966,0.11524,0.471079,1.18799,1.70968,1.96481,2.13472,2.28562,2.4326,0.0101704,0.00400047,0.00104959
204,0.0315479,0.115143,0.471053,1.18799,1.70968,1.96481,2.13472,2.28562,2.4326,0.010164,0.00399739,0.00104861
205,0.0314996,0.115049,0.471029,1.18799,1.70968,1.96481,2.13472,2.28562,2.4326,0.0101576,0.00399438,0.00104764
206,0.0314518,0.114956,0.471006,1.18799,1.70968,1.96481,2.13472,2.28562,2.4326,0.0101512,0.00399141,0.00104668
207,0.0314044,0.114865,0.470985,1.18799,1.70968,1.96481,2.13472,2.28562,2.4326,0.0101449,0.0039885,0.00104575
208,0.0313574,0.114776,0.470966,1.18799,1.70968,1.96481,2.13472,2.28562,2.4326,0.0101386,0.00398564,0.00104482
209,0.0313108,0.114688,0.470947,1.18799,1.70968,1.96481,2.13472,2.28562,2.4326,0.0101324,0.00398283,0.00104391
210,0.0312646,0.114603,0.47093,1.18799,1.70968,1.96481,2.13472,2.28562,2.4326,0.0101261,0.00398006,0.00104302
211,0.0312188,0.114519,0.470914,1.18799,1.70968,1.96481,2.13472,2.28562,2.4326,0.0101199,0.00397734,0.00104214
212,0.0311734,0.114437,0.470899,1.18799,1.70968,1.96481,2.13472,2.28562,2.4326,0.0101138,0.00397465,0.00104127
213,0.0311283,0.114356,0.470886,1.18799,1.70968,1.96481,2.13472,2.28562,2.4326,0.0101077,0.00397201,0.00104041
214,0.0310837,0.114277,0.470873,1.18799,1.70968,1.96481,2.13472,2.28562,2.4326,0.0101016,0.00396941,0.00103957
215,0.0310394,0.114199,0.470861,1.18799,1.70968,1.96481,2.13472,2.28562,2.4326,0.0100955,0.00396684,0.00103874
216,0.0309954,0.114123,0.47085,1.18799,1.70968,1.96481,2.13472,2.28562,2.4326,0.0100895,0.00396431,0.00103792
217,0.0309519,0.114048,0.47084,1.18799,1.70968,1.96481,2.13472,2.28562,2.4326,0.0100834,0.00396181,0.00103712
218,0.0309087,0.113975,0.47083,1.18799,1.70968,1.96481,2.13472,2.28562,2.4326,0.0100775,0.00395935,0.00103632
219,0.0308658,0.113903,0.470821,1.18799,1.70968,1.96481,2.13472,2.28562,2.4326,0.0100715,0.00395691,0.00103554
220,0.0308233,0.113832,0.470813,1.18799,1.70968,1.96481,2.13472,2.28562,2.4326,0.0100656,0.00395451,0.00103477
221,0.0307811,0.113762,0.470805,1.18799,1.70968,1.96481,2.13472,2.28562,2.4326,0.0100597,0.00395213,0.00103401
222,0.0307393,0.113694,0.470798,1.18799,1.70968,1.96481,2.13472,2.28562,2.4326,0.0100538,0.00394978,0.00103326
223,0.0306978,0.113627,0.470792,1.18799,1.70968,1.96481,2.13472,2.28562,2.4326,0.010048,0.00394746,0.00103253
224,0.0306566,0.113561,0.470786,1.18799,1.70968,1.96481,2.13472,2.28562,2.4326,0.0100421,0.00394517,0.0010318
225,0.0306158,0.113496,0.47078,1.18799,1.70968,1.96481,2.13472,2.28562,2.4326,0.0100363,0.0039429,0.00103108
226,0.0305753,0.113432,0.470775,1.18799,1.70968,1.96481,2.13472,2.28562,2.4326,0.0100305,0.00394065,0.00103038
227,0.030535,0.113369,0.470771,1.18799,1.70968,1.96481,2.13472,2.28562,2.4326,0.0100248,0.00393842,0.00102968
228,0.0304952,0.113308,0.470766,1.188,1.70968,1.96481,2.13472,2.28562,2.43261,0.0100191,0.00393622,0.00102899
229,0.0304556,0.113247,0.470762,1.18799,1.70968,1.96481,2.13472,2.28562,2.43261,0.0100133,0.00393404,0.00102831
230,0.0304163,0.113187,0.470758,1.18799,1.70968,1.96481,2.13472,2.28562,2.43261,0.0100077,0.00393188,0.00102764
231,0.0303773,0.113128,0.470755,1.18799,1.70968,1.96481,2.13472,2.28562,2.43261,0.010002,0.00392974,0.00102698
232,0.0303386,0.11307,0.470752,1.18799,1.70968,1.96481,2.13472,2.28562,2.43261,0.00999636,0.00392762,0.00102633
233,0.0303003,0.113013,0.470749,1.18799,1.70968,1.96481,2.13472,2.28562,2.43261,0.00999073,0.00392551,0.00102569
234,0.0302622,0.112956,0.470746,1.18799,1.70968,1.96481,2.13472,2.28562,2.43261,0.00998513,0.00392343,0.00102505
235,0.0302244,0.112901,0.470744,1.18799,1.70968,1.96481,2.13472,2.28562,2.43261,0.00997955,0.00392136,0.00102443
236,0.0301868,0.112846,0.470742,1.18799,1.70968,1.96481,2.13472,2.28562,2.43261,0.00997399,0.00391931,0.00102381
237,0.0301496,0.112792,0.470739,1.18799,1.70968,1.96481,2.13472,2.28562,2.43261,0.00996846,0.00391727,0.0010232
238,0.0301126,0.112738,0.470738,1.18799,1.70968,1.96481,2.13472,2.28562,2.43261,0.00996294,0.00391525,0.0010226
239,0.030076,0.112686,0.470736,1.18799,1.70968,1.96481,2.13472,2.28562,2.43261,0.00995744,0.00391324,0.001022
240,0.0300396,0.112634,0.470734,1.18799,1.70968,1.96481,2.13472,2.28562,2.43261,0.00995196,0.00391125,0.00102142
241,0.0300034,0.112582,0.470733,1.18799,1.70968,1.96481,2.13472,2.28562,2.43261,0.0099465,0.00390927,0.00102084
242,0.0299675,0.112532,0.470731,1.18799,1.70968,1.96481,2.13472,2.28562,2.43261,0.00994105,0.00390731,0.00102026
243,0.0299319,0.112481,0.47073,1.18799,1.70968,1.96481,2.13472,2.28562,2.43261,0.00993563,0.00390536,0.0010197
244,0.0298966,0.112432,0.470729,1.18799,1.70968,1.96481,2.13472,2.28562,2.43261,0.00993022,0.00390342,0.00101914
245,0.0298615,0.112383,0.470728,1.18799,1.70968,1.96481,2.13472,2.28562,2.43261,0.00992484,0.00390149,0.00101859
246,0.0298266,0.112334,0.470727,1.18799,1.70968,1.96481,2.13472,2.28562,2.43261,0.00991947,0.00389958,0.00101804
247,0.029792,0.112286,0.470726,1.18799,1.70968,1.96481,2.13472,2.28562,2.43261,0.00991412,0.00389768,0.00101751
248,0.0297577,0.112239,0.470726,1.18799,1.70968,1.96481,2.13472,2.28562,2.43261,0.00990878,0.00389579,0.00101697
249,0.0297236,0.112192,0.470725,1.18799,1.70968,1.96481,2.13472,2.28562,2.43261,0.00990347,0.00389391,0.00101645
250,0.0296897,0.112145,0.470724,1.18799,1.70968,1.96481,2.13472,2.28562,2.43261,0.00989817,0.00389204,0.00101593
251,0.0296561,0.112099,0.470724,1.18799,1.70968,1.96481,2.13472,2.28562,2.43261,0.00989288,0.00389018,0.00101541
252,0.0296227,0.112054,0.470723,1.18799,1.70968,1.96481,2.13472,2.28562,2.43261,0.00988762,0.00388833,0.00101491
253,0.0295896,0.112008,0.470723,1.18799,1.70968,1.96481,2.13472,2.28562,2.43261,0.00988237,0.00388649,0.0010144
254,0.0295567,0.111963,0.470722,1.18799,1.70968,1.96481,2.13472,2.28562,2.43261,0.00987714,0.00388466,0.00101391
255,0.029524,0.111919,0.470722,1.18799,1.70968,1.96481,2.13472,2.28562,2.43261,0.00987192,0.00388283,0.00101342
256,0.0294916,0.111875,0.470722,1.18799,1.70968,1.96481,2.13472,2.28562,2.43261,0.00986672,0.00388102,0.00101293
257,0.0294593,0.111831,0.470721,1.18799,1.70968,1.96481,2.13472,2.28562,2.43261,0.00986153,0.00387922,0.00101245
258,0.0294273,0.111787,0.470721,1.18799,1.70968,1.96481,2.13472,2.28562,2.43261,0.00985636,0.00387742,0.00101197
259,0.0293955,0.111744,0.470721,1.18799,1.70968,1.96481,2.13472,2.28562,2.43261,0.00985121,0.00387564,0.0010115
260,0.029364,0.111701,0.47072,1.18799,1.70968,1.96481,2.13472,2.28562,2.43261,0.00984607,0.00387386,0.00101104
261,0.0293326,0.111659,0.47072,1.18799,1.70968,1.96481,2.13472,2.28562,2.43261,0.00984094,0.00387209,0.00101058
262,0.0293015,0.111616,0.47072,1.18799,1.70968,1.96481,2.13472,2.28562,2.43261,0.00983584,0.00387032,0.00101013
263,0.0292706,0.111574,0.47072,1.18799,1.70968,1.96481,2.13472,2.28562,2.43261,0.00983074,0.00386857,0.00100968
264,0.0292399,0.111532,0.47072,1.18799,1.70968,1.96481,2.13472,2.28562,2.43261,0.00982566,0.00386682,0.00100923
265,0.0292093,0.111491,0.47072,1.18799,1.70968,1.96481,2.13472,2.28562,2.43261,0.0098206,0.00386508,0.00100879
266,0.029179,0.111449,0.47072,1.18799,1.70968,1.96481,2.13472,2.28562,2.43261,0.00981554,0.00386334,0.00100835
267,0.0291489,0.111408,0.470719,1.18799,1.70968,1.96481,2.13472,2.28562,2.43261,0.00981051,0.00386162,0.00100792
268,0.029119,0.111367,0.470719,1.18799,1.70968,1.96481,2.13472,2.28562,2.43261,0.00980549,0.00385989,0.00100749
269,0.0290893,0.111326,0.470719,1.18799,1.70968,1.96481,2.13472,2.28562,2.43261,0.00980048,0.00385818,0.00100707
270,0.0290598,0.111286,0.470719,1.18799,1.70968,1.96481,2.13472,2.28562,2.43261,0.00979548,0.00385647,0.00100665
271,0.0290305,0.111245,0.470719,1.18799,1.70968,1.96481,2.13472,2.28562,2.43261,0.0097905,0.00385477,0.00100624
272,0.0290014,0.111205,0.470719,1.18799,1.70968,1.96481,2.13472,2.28562,2.43261,0.00978553,0.00385308,0.00100582
273,0.0289725,0.111165,0.470719,1.18799,1.70968,1.96481,2.13472,2.28562,2.43261,0.00978058,0.00385139,0.00100542
274,0.0289438,0.111125,0.470719,1.18799,1.70968,1.96481,2.13472,2.28562,2.43261,0.00977564,0.0038497,0.00100501
275,0.0289152,0.111085,0.470719,1.18799,1.70968,1.96481,2.13472,2.28562,2.43261,0.00977071,0.00384802,0.00100462
276,0.0288868,0.111046,0.470719,1.18799,1.70968,1.96481,2.13472,2.28562,2.43261,0.00976579,0.00384635,0.00100422
277,0.0288587,0.111006,0.470719,1.18799,1.70968,1.96481,2.13472,2.28562,2.43261,0.00976089,0.00384468,0.00100383
278,0.0288307,0.110967,0.470719,1.18799,1.70968,1.96481,2.13472,2.28562,2.43261,0.009756,0.00384302,0.00100344
279,0.0288029,0.110928,0.470719,1.18799,1.70968,1.96481,2.13472,2.28562,2.43261,0.00975112,0.00384137,0.00100306
280,0.0287752,0.110888,0.470719,1.18799,1.70968,1.96481,2.13472,2.28562,2.43261,0.00974626,0.00383972,0.00100267
281,0.0287478,0.110849,0.470719,1.18799,1.70968,1.96481,2.13472,2.28562,2.43261,0.0097414,0.00383807,0.0010023
282,0.0287205,0.11081,0.470719,1.18799,1.70968,1.96481,2.13472,2.28562,2.43261,0.00973656,0.00383643,0.00100192
283,0.0286934,0.110772,0.470719,1.18799,1.70968,1.96481,2.13472,2.28562,2.43261,0.00973174,0.00383479,0.00100155
284,0.0286664,0.110733,0.470719,1.18799,1.70968,1.96481,2.13472,2.28562,2.43261,0.00972692,0.00383316,0.00100118
285,0.0286396,0.110694,0.470719,1.18799,1.70968,1.96481,2.13472,2.28562,2.43261,0.00972212,0.00383154,0.00100082
286,0.028613,0.110656,0.470719,1.18799,1.70968,1.96481,2.13472,2.28562,2.43261,0.00971732,0.00382991,0.00100046
287,0.0285866,0.110617,0.470719,1.18799,1.70968,1.96481,2.13472,2.28562,2.43261,0.00971254,0.0038283,0.0010001
288,0.0285603,0.110579,0.470719,1.18799,1.70968,1.96481,2.13472,2.28562,2.43261,0.00970777,0.00382669,0.000999744
289,0.0285342,0.110541,0.470719,1.18799,1.70968,1.96481,2.13472,2.28562,2.43261,0.00970302,0.00382508,0.000999392
290,0.0285083,0.110502,0.470719,1.18799,1.70968,1.96481,2.13472,2.28562,2.43261,0.00969827,0.00382347,0.000999042
291,0.0284825,0.110464,0.470719,1.18799,1.70968,1.96481,2.13472,2.28562,2.43261,0.00969354,0.00382187,0.000998696
292,0.0284568,0.110426,0.470719,1.18799,1.70968,1.96481,2.13472,2.28562,2.43261,0.00968881,0.00382028,0.000998352
293,0.0284314,0.110388,0.470719,1.18799,1.70968,1.96481,2.13472,2.28562,2.43261,0.0096841,0.00381869,0.000998011
294,0.028406,0.11035,0.470719,1.18799,1.70968,1.96481,2.13472,2.28562,2.43261,0.0096794,0.0038171,0.000997673
295,0.0283809,0.110312,0.470719,1.18799,1.70968,1.96481,2.13472,2.28562,2.43261,0.00967471,0.00381552,0.000997338
296,0.0283559,0.110275,0.470719,1.18799,1.70968,1.96481,2.13472,2.28562,2.43261,0.00967003,0.00381394,0.000997005
297,0.028331,0.110237,0.470719,1.18799,1.70968,1.96481,2.13472,2.28562,2.43261,0.00966536,0.00381237,0.000996675
298,0.0283063,0.1102,0.470719,1.18799,1.70968,1.96481,2.13472,2.28562,2.43261,0.0096607,0.00381079,0.000996347
299,0.0282817,0.110162,0.470719,1.18799,1.70968,1.96481,2.13472,2.28562,2.43261,0.00965605,0.00380923,0.000996022
300,0.0282573,0.110125,0.470719,1.18799,1.70968,1.96481,2.13472,2.28562,2.43261,0.00965141,0.00380766,0.000995699
301,0.0282331,0.110087,0.470719,1.18799,1.70968,1.96481,2.13472,2.28562,2.43261,0.00964679,0.0038061,0.000995379
302,0.0282089,0.11005,0.470719,1.18799,1.70968,1.96481,2.13472,2.28562,2.43261,0.00964217,0.00380455,0.000995061
303,0.028185,0.110013,0.470719,1.18799,1.70968,1.96481,2.13472,2.28562,2.43261,0.00963756,0.003803,0.000994746
304,0.0281611,0.109976,0.470719,1.18799,1.70968,1.96481,2.13472,2.28562,2.43261,0.00963297,0.00380145,0.000994433
305,0.0281374,0.109939,0.470719,1.18799,1.70968,1.96481,2.13472,2.28562,2.43261,0.00962838,0.0037999,0.000994122
306,0.0281139,0.109902,0.470719,1.18799,1.70968,1.96481,2.13473,2.28562,2.43261,0.0096238,0.00379836,0.000993813
307,0.0280904,0.109865,0.470719,1.18799,1.70968,1.96481,2.13473,2.28562,2.43261,0.00961924,0.00379682,0.000993507
308,0.0280672,0.109828,0.470719,1.18799,1.70968,1.96481,2.13473,2.28562,2.43261,0.00961468,0.00379529,0.000993203
309,0.028044,0.109792,0.470719,1.18799,1.70968,1.96481,2.13473,2.28562,2.43261,0.00961013,0.00379376,0.000992901
310,0.028021,0.109755,0.470719,1.18799,1.70968,1.96481,2.13473,2.28562,2.43261,0.0096056,0.00379223,0.000992601
311,0.0279981,0.109719,0.470719,1.18799,1.70968,1.96482,2.13473,2.28562,2.43261,0.00960107,0.0037907,0.000992303
312,0.0279754,0.109682,0.470719,1.18799,1.70968,1.96482,2.13473,2.28562,2.43261,0.00959655,0.00378918,0.000992007
313,0.0279528,0.109646,0.470719,1.18799,1.70968,1.96482,2.13473,2.28562,2.43261,0.00959204,0.00378766,0.000991713
314,0.0279303,0.10961,0.470719,1.18799,1.70968,1.96482,2.13473,2.28562,2.43261,0.00958754,0.00378615,0.000991421
315,0.0279079,0.109574,0.470719,1.18799,1.70968,1.96482,2.13473,2.28562,2.43261,0.00958305,0.00378463,0.000991131
316,0.0278857,0.109538,0.470719,1.18799,1.70968,1.96482,2.13473,2.28562,2.43261,0.00957857,0.00378313,0.000990843
317,0.0278636,0.109502,0.470719,1.18799,1.70969,1.96482,2.13473,2.28562,2.43261,0.0095741,0.00378162,0.000990557
318,0.0278416,0.109467,0.470719,1.18799,1.70969,1.96482,2.13473,2.28562,2.43261,0.00956963,0.00378012,0.000990272
319,0.0278197,0.109431,0.470719,1.18799,1.70969,1.96482,2.13473,2.28562,2.43261,0.00956518,0.00377862,0.00098999
320,0.027798,0.109396,0.470719,1.18799,1.70969,1.96482,2.13473,2.28562,2.43261,0.00956073,0.00377712,0.000989709
321,0.0277764,0.109361,0.470719,1.18799,1.70969,1.96482,2.13473,2.28562,2.43261,0.0095563,0.00377562,0.00098943
322,0.0277549,0.109325,0.470719,1.18799,1.70969,1.96482,2.13473,2.28562,2.43261,0.00955187,0.00377413,0.000989153
323,0.0277335,0.10929,0.470719,1.18799,1.70969,1.96482,2.13473,2.28562,2.43261,0.00954745,0.00377264,0.000988877
324,0.0277123,0.109256,0.470719,1.18799,1.70969,1.96482,2.13473,2.28562,2.43261,0.00954304,0.00377116,0.000988603
325,0.0276911,0.109221,0.470719,1.18799,1.70969,1.96482,2.13473,2.28562,2.43261,0.00953864,0.00376967,0.000988331
326,0.0276701,0.109186,0.470719,1.18799,1.70969,1.96482,2.13473,2.28562,2.43261,0.00953425,0.00376819,0.00098806
327,0.0276492,0.109152,0.470719,1.18799,1.70969,1.96482,2.13473,2.28562,2.43261,0.00952986,0.00376672,0.000987792
328,0.0276284,0.109118,0.470719,1.18799,1.70969,1.96482,2.13473,2.28562,2.43261,0.00952549,0.00376524,0.000987524
329,0.0276078,0.109084,0.470719,1.18799,1.70969,1.96482,2.13473,2.28562,2.43261,0.00952112,0.00376377,0.000987258
330,0.0275872,0.10905,0.47072,1.18799,1.70969,1.96482,2.13473,2.28562,2.43261,0.00951676,0.0037623,0.000986994
331,0.0275667,0.109016,0.47072,1.18799,1.70969,1.96482,2.13473,2.28562,2.43261,0.00951241,0.00376083,0.000986731
332,0.0275464,0.108983,0.47072,1.18799,1.70969,1.96482,2.13473,2.28562,2.43261,0.00950806,0.00375937,0.00098647
333,0.0275262,0.108949,0.47072,1.18799,1.70969,1.96482,2.13473,2.28562,2.43261,0.00950373,0.00375791,0.00098621
334,0.027506,0.108916,0.47072,1.18799,1.70969,1.96482,2.13473,2.28562,2.43261,0.0094994,0.00375645,0.000985952
335,0.027486,0.108883,0.47072,1.18799,1.70969,1.96482,2.13473,2.28562,2.43261,0.00949508,0.00375499,0.000985695
336,0.0274661,0.10885,0.47072,1.18799,1.70969,1.96482,2.13473,2.28562,2.43261,0.00949077,0.00375354,0.000985439
337,0.0274463,0.108818,0.47072,1.18799,1.70969,1.96482,2.13473,2.28562,2.43261,0.00948647,0.00375208,0.000985185
338,0.0274266,0.108786,0.47072,1.18799,1.70969,1.96482,2.13473,2.28562,2.43261,0.00948217,0.00375063,0.000984932
339,0.027407,0.108753,0.47072,1.18799,1.70969,1.96482,2.13473,2.28562,2.43261,0.00947789,0.00374919,0.000984681
340,0.0273875,0.108721,0.47072,1.18799,1.70969,1.96482,2.13473,2.28562,2.43261,0.00947361,0.00374774,0.000984431
341,0.0273681,0.10869,0.47072,1.18799,1.70969,1.96482,2.13473,2.28562,2.43261,0.00946934,0.0037463,0.000984182
342,0.0273489,0.108658,0.47072,1.18799,1.70969,1.96482,2.13473,2.28562,2.43261,0.00946507,0.00374486,0.000983934
343,0.0273297,0.108627,0.47072,1.18799,1.70969,1.96482,2.13473,2.28562,2.43261,0.00946081,0.00374342,0.000983688
344,0.0273106,0.108595,0.47072,1.18799,1.70969,1.96482,2.13473,2.28562,2.43261,0.00945657,0.00374199,0.000983443
345,0.0272916,0.108565,0.47072,1.18799,1.70969,1.96482,2.13473,2.28562,2.43261,0.00945232,0.00374055,0.000983199
346,0.0272727,0.108534,0.47072,1.18799,1.70969,1.96482,2.13473,2.28562,2.43261,0.00944809,0.00373912,0.000982957
347,0.0272539,0.108503,0.47072,1.18799,1.70969,1.96482,2.13473,2.28562,2.43261,0.00944386,0.00373769,0.000982715
348,0.0272352,0.108473,0.47072,1.18799,1.70969,1.96482,2.13473,2.28562,2.43261,0.00943964,0.00373627,0.000982475
349,0.0272166,0.108443,0.47072,1.18799,1.70969,1.96482,2.13473,2.28562,2.43261,0.00943543,0.00373484,0.000982236
350,0.0271981,0.108413,0.47072,1.18799,1.70969,1.96482,2.13473,2.28562,2.43261,0.00943123,0.00373342,0.000981998
351,0.0271797,0.108384,0.47072,1.18799,1.70969,1.96482,2.13473,2.28563,2.43261,0.00942703,0.003732,0.000981762
352,0.0271614,0.108354,0.47072,1.18799,1.70969,1.96482,2.13473,2.28563,2.43261,0.00942284,0.00373058,0.000981526
353,0.0271431,0.108325,0.47072,1.18799,1.70969,1.96482,2.13473,2.28563,2.43261,0.00941865,0.00372917,0.000981291
354,0.027125,0.108297,0.47072,1.18799,1.70969,1.96482,2.13473,2.28563,2.43261,0.00941448,0.00372776,0.000981058
355,0.0271069,0.108268,0.47072,1.18799,1.70969,1.96482,2.13473,2.28563,2.43261,0.00941031,0.00372634,0.000980826
356,0.027089,0.10824,0.47072,1.18799,1.70969,1.96482,2.13473,2.28563,2.43261,0.00940615,0.00372494,0.000980594
357,0.0270711,0.108211,0.47072,1.18799,1.70969,1.96482,2.13473,2.28563,2.43261,0.00940199,0.00372353,0.000980364
358,0.0270533,0.108184,0.47072,1.18799,1.70969,1.96482,2.13473,2.28563,2.43261,0.00939784,0.00372212,0.000980135
359,0.0270356,0.108156,0.47072,1.18799,1.70969,1.96482,2.13473,2.28563,2.43261,0.0093937,0.00372072,0.000979906
360,0.027018,0.108129,0.47072,1.18799,1.70969,1.96482,2.13473,2.28563,2.43261,0.00938956,0.00371932,0.000979679
361,0.0270005,0.108102,0.470721,1.18799,1.70969,1.96482,2.13473,2.28563,2.43261,0.00938544,0.00371792,0.000979453
362,0.0269831,0.108075,0.470722,1.18799,1.70969,1.96482,2.13473,2.28563,2.43261,0.00938131,0.00371652,0.000979228
363,0.0269657,0.108048,0.470723,1.188,1.70969,1.96482,2.13473,2.28563,2.43261,0.0093772,0.00371513,0.000979003
364,0.0269485,0.108022,0.470723,1.188,1.70969,1.96482,2.13473,2.28563,2.43261,0.00937309,0.00371374,0.00097878
365,0.0269313,0.107996,0.470724,1.188,1.70969,1.96482,2.13473,2.28563,2.43261,0.00936899,0.00371234,0.000978557
366,0.0269142,0.10797,0.470724,1.188,1.70969,1.96482,2.13473,2.28563,2.43261,0.00936489,0.00371096,0.000978336
367,0.0268972,0.107944,0.470723,1.188,1.70969,1.96482,2.13473,2.28563,2.43261,0.0093608,0.00370957,0.000978115
368,0.0268802,0.107919,0.470722,1.188,1.70969,1.96482,2.13473,2.28563,2.43261,0.00935672,0.00370818,0.000977896
369,0.0268634,0.107894,0.470721,1.188,1.70969,1.96482,2.13473,2.28563,2.43261,0.00935265,0.0037068,0.000977677
370,0.0268466,0.107869,0.47072,1.188,1.70969,1.96482,2.13473,2.28563,2.43261,0.00934858,0.00370542,0.000977459
371,0.0268299,0.107845,0.47072,1.188,1.70969,1.96482,2.13473,2.28563,2.43261,0.00934451,0.00370404,0.000977242
372,0.0268133,0.10782,0.47072,1.188,1.70969,1.96482,2.13473,2.28563,2.43261,0.00934046,0.00370266,0.000977026
373,0.0267967,0.107796,0.47072,1.188,1.70969,1.96482,2.13473,2.28563,2.43261,0.00933641,0.00370128,0.00097681
374,0.0267803,0.107773,0.47072,1.188,1.70969,1.96482,2.13473,2.28563,2.43261,0.00933236,0.00369991,0.000976596
375,0.0267639,0.107749,0.47072,1.188,1.70969,1.96482,2.13473,2.28563,2.43261,0.00932833,0.00369854,0.000976382
376,0.0267476,0.107726,0.47072,1.188,1.70969,1.96482,2.13473,2.28563,2.43261,0.00932429,0.00369717,0.000976169
377,0.0267313,0.107703,0.47072,1.188,1.70969,1.96482,2.13473,2.28563,2.43261,0.00932027,0.0036958,0.000975957
378,0.0267152,0.10768,0.47072,1.188,1.70969,1.96482,2.13473,2.28563,2.43261,0.00931625,0.00369443,0.000975745
379,0.0266991,0.107658,0.470721,1.188,1.70969,1.96482,2.13473,2.28563,2.43261,0.00931223,0.00369306,0.000975535
380,0.0266831,0.107635,0.470721,1.188,1.70969,1.96482,2.13473,2.28563,2.43261,0.00930823,0.0036917,0.000975325
381,0.0266671,0.107614,0.470721,1.188,1.70969,1.96482,2.13473,2.28563,2.43261,0.00930423,0.00369034,0.000975116
382,0.0266513,0.107592,0.470721,1.188,1.70969,1.96482,2.13473,2.28563,2.43261,0.00930023,0.00368898,0.000974908
383,0.0266355,0.10757,0.470721,1.188,1.70969,1.96482,2.13473,2.28563,2.43261,0.00929624,0.00368762,0.0009747
384,0.0266197,0.107549,0.470721,1.188,1.70969,1.96482,2.13473,2.28563,2.43261,0.00929226,0.00368626,0.000974493
385,0.0266041,0.107528,0.47072,1.188,1.70969,1.96482,2.13473,2.28563,2.43261,0.00928828,0.00368491,0.000974287
386,0.0265885,0.107508,0.47072,1.188,1.70969,1.96482,2.13473,2.28563,2.43261,0.00928431,0.00368355,0.000974082
387,0.026573,0.107487,0.47072,1.188,1.70969,1.96482,2.13473,2.28563,2.43261,0.00928034,0.0036822,0.000973877
388,0.0265575,0.107467,0.470721,1.188,1.70969,1.96482,2.13473,2.28563,2.43261,0.00927638,0.00368085,0.000973673
389,0.0265421,0.107447,0.470721,1.188,1.70969,1.96482,2.13473,2.28563,2.43261,0.00927242,0.0036795,0.00097347
390,0.0265268,0.107428,0.47072,1.188,1.70969,1.96482,2.13473,2.28563,2.43261,0.00926848,0.00367816,0.000973267
391,0.0265116,0.107408,0.47072,1.188,1.70969,1.96482,2.13473,2.28563,2.43261,0.00926453,0.00367681,0.000973065
392,0.0264964,0.107389,0.47072,1.188,1.70969,1.96482,2.13473,2.28563,2.43261,0.00926059,0.00367547,0.000972864
393,0.0264813,0.10737,0.47072,1.188,1.70969,1.96482,2.13473,2.28563,2.43261,0.00925666,0.00367412,0.000972663
394,0.0264662,0.107351,0.470721,1.188,1.70969,1.96482,2.13473,2.28563,2.43261,0.00925273,0.00367278,0.000972463
395,0.0264512,0.107333,0.470721,1.188,1.70969,1.96482,2.13473,2.28563,2.43261,0.00924881,0.00367144,0.000972264
396,0.0264363,0.107315,0.470721,1.188,1.70969,1.96482,2.13473,2.28563,2.43261,0.0092449,0.00367011,0.000972065
397,0.0264215,0.107297,0.470721,1.188,1.70969,1.96482,2.13473,2.28563,2.43261,0.00924099,0.00366877,0.000971867
398,0.0264067,0.107279,0.47072,1.188,1.70969,1.96482,2.13473,2.28563,2.43261,0.00923708,0.00366744,0.00097167
399,0.0263919,0.107262,0.47072,1.188,1.70969,1.96482,2.13473,2.28563,2.43261,0.00923318,0.0036661,0.000971473
400,0.0263773,0.107245,0.470721,1.188,1.70969,1.96482,2.13473,2.28563,2.43261,0.00922929,0.00366477,0.000971276
401,0.0263627,0.107228,0.470722,1.188,1.70969,1.96482,2.13473,2.28563,2.43261,0.0092254,0.00366344,0.000971081
402,0.0263481,0.107211,0.470722,1.188,1.70969,1.96482,2.13473,2.28563,2.43261,0.00922152,0.00366211,0.000970886
403,0.0263336,0.107194,0.470722,1.188,1.70969,1.96482,2.13473,2.28563,2.43261,0.00921764,0.00366079,0.000970691
404,0.0263192,0.107178,0.470719,1.188,1.70969,1.96482,2.13473,2.28563,2.43261,0.00921377,0.00365946,0.000970497
405,0.0263048,0.107162,0.470717,1.188,1.70969,1.96482,2.13473,2.28563,2.43261,0.0092099,0.00365814,0.000970304
406,0.0262905,0.107146,0.470717,1.188,1.70969,1.96482,2.13473,2.28563,2.43261,0.00920604,0.00365681,0.000970111
407,0.0262763,0.10713,0.470718,1.188,1.70969,1.96482,2.13473,2.28563,2.43261,0.00920218,0.00365549,0.000969919
408,0.0262621,0.107115,0.470719,1.188,1.70969,1.96482,2.13473,2.28563,2.43261,0.00919833,0.00365417,0.000969727
409,0.026248,0.1071,0.470721,1.188,1.70969,1.96482,2.13473,2.28563,2.43261,0.00919448,0.00365285,0.000969536
410,0.0262339,0.107085,0.470722,1.188,1.70969,1.96482,2.13473,2.28563,2.43261,0.00919064,0.00365154,0.000969345
411,0.0262199,0.10707,0.470722,1.188,1.70969,1.96482,2.13473,2.28563,2.43261,0.0091868,0.00365022,0.000969155
412,0.0262059,0.107055,0.470722,1.188,1.70969,1.96482,2.13473,2.28563,2.43261,0.00918297,0.00364891,0.000968966
413,0.026192,0.107041,0.470721,1.188,1.70969,1.96482,2.13473,2.28563,2.43262,0.00917915,0.00364759,0.000968777
414,0.0261781,0.107027,0.47072,1.188,1.70969,1.96482,2.13473,2.28563,2.43262,0.00917532,0.00364628,0.000968588
415,0.0261643,0.107013,0.47072,1.188,1.70969,1.96482,2.13473,2.28563,2.43262,0.00917151,0.00364497,0.0009684
416,0.0261506,0.106999,0.470721,1.188,1.70969,1.96482,2.13473,2.28563,2.43262,0.0091677,0.00364367,0.000968213
417,0.0261369,0.106986,0.470721,1.188,1.70969,1.96482,2.13473,2.28563,2.43262,0.00916389,0.00364236,0.000968026
418,0.0261232,0.106973,0.470721,1.188,1.70969,1.96482,2.13473,2.28563,2.43262,0.00916009,0.00364105,0.000967839
419,0.0261097,0.106959,0.470722,1.188,1.70969,1.96482,2.13473,2.28563,2.43262,0.00915629,0.00363975,0.000967653
420,0.0260961,0.106946,0.470722,1.188,1.70969,1.96482,2.13473,2.28563,2.43262,0.0091525,0.00363844,0.000967468
421,0.0260826,0.106934,0.470722,1.188,1.70969,1.96482,2.13473,2.28563,2.43262,0.00914871,0.00363714,0.000967283
422,0.0260692,0.106921,0.470722,1.188,1.70969,1.96482,2.13473,2.28563,2.43262,0.00914493,0.00363584,0.000967098
423,0.0260558,0.106909,0.470722,1.188,1.70969,1.96482,2.13473,2.28563,2.43262,0.00914115,0.00363454,0.000966914
424,0.0260425,0.106897,0.470722,1.188,1.70969,1.96482,2.13473,2.28563,2.43262,0.00913738,0.00363325,0.00096673
425,0.0260292,0.106885,0.470721,1.188,1.70969,1.96482,2.13473,2.28563,2.43262,0.00913361,0.00363195,0.000966547
426,0.026016,0.106873,0.470721,1.188,1.70969,1.96482,2.13473,2.28563,2.43262,0.00912985,0.00363065,0.000966364
427,0.0260028,0.106861,0.470721,1.188,1.70969,1.96482,2.13473,2.28563,2.43262,0.00912609,0.00362936,0.000966182
428,0.0259897,0.10685,0.470722,1.188,1.70969,1.96482,2.13473,2.28563,2.43262,0.00912234,0.00362807,0.000966
429,0.0259766,0.106839,0.470721,1.188,1.70969,1.96482,2.13473,2.28563,2.43262,0.00911859,0.00362678,0.000965819
430,0.0259636,0.106828,0.47072,1.188,1.70969,1.96482,2.13473,2.28563,2.43262,0.00911484,0.00362549,0.000965638
431,0.0259506,0.106817,0.47072,1.188,1.70969,1.96482,2.13473,2.28563,2.43262,0.0091111,0.0036242,0.000965457
432,0.0259377,0.106806,0.470722,1.188,1.70969,1.96482,2.13473,2.28563,2.43262,0.00910737,0.00362291,0.000965277
433,0.0259248,0.106795,0.470724,1.188,1.70969,1.96482,2.13473,2.28563,2.43262,0.00910363,0.00362162,0.000965097
434,0.0259119,0.106785,0.470725,1.188,1.70969,1.96482,2.13473,2.28563,2.43262,0.00909991,0.00362034,0.000964918
435,0.0258991,0.106775,0.470724,1.188,1.70969,1.96482,2.13473,2.28563,2.43262,0.00909619,0.00361905,0.000964739
436,0.0258864,0.106765,0.470723,1.188,1.70969,1.96482,2.13473,2.28563,2.43262,0.00909247,0.00361777,0.00096456
437,0.0258737,0.106755,0.470722,1.188,1.70969,1.96482,2.13473,2.28563,2.43262,0.00908876,0.00361649,0.000964382
438,0.025861,0.106745,0.470721,1.188,1.70969,1.96482,2.13473,2.28563,2.43262,0.00908505,0.00361521,0.000964205
439,0.0258484,0.106735,0.470721,1.188,1.70969,1.96482,2.13473,2.28563,2.43262,0.00908134,0.00361393,0.000964027
440,0.0258358,0.106726,0.470722,1.188,1.70969,1.96482,2.13473,2.28563,2.43262,0.00907764,0.00361265,0.00096385
441,0.0258233,0.106717,0.470722,1.188,1.70969,1.96482,2.13473,2.28563,2.43262,0.00907395,0.00361138,0.000963674
442,0.0258108,0.106708,0.470723,1.188,1.70969,1.96482,2.13473,2.28563,2.43262,0.00907026,0.0036101,0.000963498
443,0.0257983,0.106699,0.470723,1.188,1.70969,1.96482,2.13473,2.28563,2.43262,0.00906657,0.00360883,0.000963322
444,0.0257859,0.10669,0.470723,1.188,1.70969,1.96482,2.13473,2.28563,2.43262,0.00906289,0.00360755,0.000963147
445,0.0257736,0.106681,0.470723,1.188,1.70969,1.96482,2.13473,2.28563,2.43262,0.00905921,0.00360628,0.000962971
446,0.0257613,0.106673,0.470723,1.188,1.70969,1.96482,2.13473,2.28563,2.43262,0.00905553,0.00360501,0.000962797
447,0.025749,0.106664,0.470722,1.188,1.70969,1.96482,2.13473,2.28563,2.43262,0.00905187,0.00360374,0.000962623
448,0.0257368,0.106656,0.470722,1.188,1.70969,1.96482,2.13473,2.28563,2.43262,0.0090482,0.00360247,0.000962449
449,0.0257246,0.106648,0.470722,1.188,1.70969,1.96482,2.13473,2.28563,2.43262,0.00904454,0.00360121,0.000962275
450,0.0257124,0.10664,0.470721,1.188,1.70969,1.96482,2.13473,2.28563,2.43262,0.00904088,0.00359994,0.000962102
451,0.0257003,0.106632,0.470721,1.188,1.70969,1.96482,2.13473,2.28563,2.43262,0.00903723,0.00359868,0.000961929
452,0.0256882,0.106624,0.470721,1.188,1.70969,1.96482,2.13473,2.28563,2.43262,0.00903358,0.00359741,0.000961756
453,0.0256762,0.106617,0.470721,1.188,1.70969,1.96482,2.13473,2.28563,2.43262,0.00902994,0.00359615,0.000961584
454,0.0256642,0.106609,0.470721,1.188,1.70969,1.96482,2.13473,2.28563,2.43262,0.0090263,0.00359489,0.000961412
455,0.0256522,0.106602,0.470722,1.188,1.70969,1.96482,2.13473,2.28563,2.43262,0.00902266,0.00359363,0.000961241
456,0.0256403,0.106594,0.470722,1.188,1.70969,1.96482,2.13473,2.28563,2.43262,0.00901903,0.00359237,0.00096107
457,0.0256284,0.106587,0.470723,1.188,1.70969,1.96482,2.13473,2.28563,2.43262,0.0090154,0.00359111,0.000960899
458,0.0256166,0.10658,0.470723,1.188,1.70969,1.96482,2.13473,2.28563,2.43262,0.00901177,0.00358985,0.000960728
459,0.0256048,0.106573,0.470723,1.188,1.70969,1.96482,2.13473,2.28563,2.43262,0.00900815,0.0035886,0.000960558
460,0.025593,0.106567,0.470723,1.188,1.70969,1.96482,2.13473,2.28563,2.43262,0.00900454,0.00358734,0.000960388
461,0.0255813,0.10656,0.470722,1.188,1.70969,1.96482,2.13473,2.28563,2.43262,0.00900093,0.00358609,0.000960219
462,0.0255696,0.106554,0.470721,1.188,1.70969,1.96482,2.13473,2.28563,2.43262,0.00899732,0.00358484,0.000960049
463,0.0255579,0.106547,0.47072,1.188,1.70969,1.96482,2.13473,2.28563,2.43262,0.00899371,0.00358358,0.000959881
464,0.0255463,0.106541,0.470719,1.188,1.70969,1.96482,2.13473,2.28563,2.43262,0.00899011,0.00358233,0.000959712
465,0.0255347,0.106535,0.470719,1.188,1.70969,1.96482,2.13473,2.28563,2.43262,0.00898652,0.00358108,0.000959544
466,0.0255232,0.106529,0.470719,1.188,1.70969,1.96482,2.13473,2.28563,2.43262,0.00898292,0.00357984,0.000959376
467,0.0255117,0.106523,0.470719,1.188,1.70969,1.96482,2.13473,2.28563,2.43262,0.00897934,0.00357859,0.000959208
468,0.0255002,0.106517,0.47072,1.188,1.70969,1.96482,2.13473,2.28563,2.43262,0.00897575,0.00357734,0.000959041
469,0.0254887,0.106511,0.47072,1.188,1.70969,1.96482,2.13473,2.28563,2.43262,0.00897217,0.0035761,0.000958873
470,0.0254773,0.106505,0.470721,1.188,1.70969,1.96482,2.13473,2.28563,2.43262,0.00896859,0.00357485,0.000958707
471,0.0254659,0.1065,0.470722,1.188,1.70969,1.96482,2.13473,2.28563,2.43262,0.00896502,0.00357361,0.00095854
472,0.0254546,0.106494,0.470723,1.188,1.70969,1.96482,2.13473,2.28563,2.43262,0.00896145,0.00357237,0.000958374
473,0.0254433,0.106489,0.470724,1.188,1.70969,1.96482,2.13473,2.28563,2.43262,0.00895789,0.00357113,0.000958208
474,0.025432,0.106483,0.470723,1.188,1.70969,1.96482,2.13473,2.28563,2.43262,0.00895432,0.00356989,0.000958042
475,0.0254208,0.106478,0.470722,1.188,1.70969,1.96482,2.13473,2.28563,2.43262,0.00895076,0.00356865,0.000957877
476,0.0254095,0.106473,0.470721,1.188,1.70969,1.96482,2.13473,2.28563,2.43262,0.00894721,0.00356741,0.000957712
477,0.0253984,0.106468,0.47072,1.188,1.70969,1.96482,2.13473,2.28563,2.43262,0.00894366,0.00356617,0.000957547
478,0.0253872,0.106463,0.470719,1.188,1.70969,1.96482,2.13473,2.28563,2.43262,0.00894011,0.00356494,0.000957382
479,0.0253761,0.106458,0.470718,1.188,1.70969,1.96482,2.13473,2.28563,2.43262,0.00893657,0.0035637,0.000957218
480,0.025365,0.106453,0.470718,1.188,1.70969,1.96482,2.13474,2.28563,2.43262,0.00893303,0.00356247,0.000957054
481,0.0253539,0.106449,0.470718,1.188,1.70969,1.96482,2.13474,2.28563,2.43262,0.00892949,0.00356124,0.00095689
482,0.0253429,0.106444,0.470719,1.188,1.70969,1.96482,2.13474,2.28563,2.43262,0.00892596,0.00356,0.000956727
483,0.0253319,0.10644,0.470719,1.188,1.70969,1.96482,2.13474,2.28563,2.43262,0.00892243,0.00355877,0.000956564
484,0.0253209,0.106435,0.470721,1.188,1.70969,1.96482,2.13474,2.28563,2.43262,0.00891891,0.00355754,0.000956401
485,0.02531,0.106431,0.470722,1.188,1.70969,1.96482,2.13474,2.28563,2.43262,0.00891539,0.00355631,0.000956238
486,0.0252991,0.106427,0.470724,1.188,1.70969,1.96482,2.13474,2.28563,2.43262,0.00891187,0.00355509,0.000956075
487,0.0252882,0.106422,0.470725,1.188,1.70969,1.96483,2.13474,2.28563,2.43262,0.00890835,0.00355386,0.000955913
488,0.0252774,0.106418,0.470725,1.188,1.70969,1.96483,2.13474,2.28563,2.43262,0.00890484,0.00355263,0.000955751
489,0.0252665,0.106414,0.470725,1.188,1.70969,1.96483,2.13474,2.28563,2.43262,0.00890133,0.00355141,0.00095559
490,0.0252558,0.10641,0.470725,1.188,1.70969,1.96483,2.13474,2.28563,2.43262,0.00889783,0.00355018,0.000955428
491,0.025245,0.106406,0.470724,1.188,1.70969,1.96483,2.13474,2.28563,2.43262,0.00889433,0.00354896,0.000955267
492,0.0252342,0.106402,0.470724,1.188,1.70969,1.96483,2.13474,2.28563,2.43262,0.00889083,0.00354774,0.000955106
493,0.0252235,0.106399,0.470723,1.188,1.70969,1.96483,2.13474,2.28563,2.43262,0.00888734,0.00354652,0.000954945
494,0.0252129,0.106395,0.470722,1.188,1.70969,1.96483,2.13474,2.28563,2.43262,0.00888385,0.0035453,0.000954785
495,0.0252022,0.106391,0.470721,1.188,1.70969,1.96483,2.13474,2.28563,2.43262,0.00888036,0.00354408,0.000954624
496,0.0251916,0.106388,0.470721,1.188,1.70969,1.96483,2.13474,2.28563,2.43262,0.00887688,0.00354286,0.000954464
497,0.025181,0.106384,0.470722,1.188,1.70969,1.96483,2.13474,2.28563,2.43262,0.0088734,0.00354164,0.000954305
498,0.0251704,0.106381,0.470724,1.188,1.70969,1.96483,2.13474,2.28563,2.43262,0.00886992,0.00354042,0.000954145
499,0.0251598,0.106377,0.470725,1.188,1.70969,1.96483,2.13474,2.28563,2.43262,0.00886645,0.00353921,0.000953986
500,0.0251493,0.106374,0.470726,1.188,1.70969,1.96483,2.13474,2.28563,2.43262,0.00886298,0.00353799,0.000953827
501,0.0251388,0.106371,0.470727,1.188,1.70969,1.96483,2.13474,2.28563,2.43262,0.00885951,0.00353678,0.000953668
502,0.0251283,0.106368,0.470727,1.188,1.70969,1.96483,2.13474,2.28563,2.43262,0.00885605,0.00353557,0.000953509
503,0.0251179,0.106364,0.470727,1.188,1.7097,1.96483,2.13474,2.28563,2.43262,0.00885259,0.00353435,0.000953351
504,0.0251075,0.106361,0.470727,1.188,1.7097,1.96483,2.13474,2.28563,2.43262,0.00884914,0.00353314,0.000953193
505,0.0250971,0.106358,0.470726,1.188,1.7097,1.96483,2.13474,2.28563,2.43262,0.00884568,0.00353193,0.000953035
506,0.0250867,0.106355,0.470725,1.188,1.7097,1.96483,2.13474,2.28563,2.43262,0.00884223,0.00353072,0.000952877
507,0.0250764,0.106352,0.470723,1.188,1.7097,1.96483,2.13474,2.28563,2.43262,0.00883879,0.00352951,0.000952719
508,0.025066,0.10635,0.470722,1.188,1.7097,1.96483,2.13474,2.28563,2.43262,0.00883534,0.00352831,0.000952562
509,0.0250557,0.106347,0.47072,1.188,1.7097,1.96483,2.13474,2.28563,2.43262,0.0088319,0.0035271,0.000952405
510,0.0250455,0.106344,0.47072,1.188,1.7097,1.96483,2.13474,2.28563,2.43262,0.00882847,0.0035259,0.000952248
511,0.0250352,0.106341,0.470719,1.188,1.7097,1.96483,2.13474,2.28563,2.43262,0.00882503,0.00352469,0.000952091
512,0.025025,0.106339,0.47072,1.188,1.7097,1.96483,2.13474,2.28563,2.43262,0.0088216,0.00352349,0.000951935
513,0.0250148,0.106336,0.47072,1.188,1.7097,1.96483,2.13474,2.28563,2.43262,0.00881818,0.00352228,0.000951778
514,0.0250046,0.106333,0.470721,1.188,1.7097,1.96483,2.13474,2.28563,2.43262,0.00881475,0.00352108,0.000951622
515,0.0249944,0.106331,0.470722,1.188,1.7097,1.96483,2.13474,2.28563,2.43262,0.00881133,0.00351988,0.000951466
516,0.0249843,0.106328,0.470723,1.188,1.7097,1.96483,2.13474,2.28563,2.43262,0.00880791,0.00351868,0.000951311
517,0.0249741,0.106326,0.470724,1.188,1.7097,1.96483,2.13474,2.28563,2.43262,0.0088045,0.00351748,0.000951155
518,0.0249641,0.106324,0.470725,1.188,1.7097,1.96483,2.13474,2.28563,2.43262,0.00880109,0.00351628,0.000951
519,0.024954,0.106321,0.470724,1.188,1.7097,1.96483,2.13474,2.28563,2.43262,0.00879768,0.00351508,0.000950845
520,0.0249439,0.106319,0.470723,1.188,1.7097,1.96483,2.13474,2.28564,2.43262,0.00879427,0.00351389,0.00095069
521,0.0249339,0.106317,0.470721,1.188,1.7097,1.96483,2.13474,2.28564,2.43262,0.00879087,0.00351269,0.000950535
522,0.0249239,0.106315,0.47072,1.188,1.7097,1.96483,2.13474,2.28564,2.43262,0.00878747,0.00351149,0.00095038
523,0.0249139,0.106312,0.470718,1.188,1.7097,1.96483,2.13474,2.28564,2.43262,0.00878408,0.0035103,0.000950226
524,0.0249039,0.10631,0.470718,1.188,1.7097,1.96483,2.13474,2.28564,2.43262,0.00878068,0.00350911,0.000950072
525,0.024894,0.106308,0.470718,1.188,1.7097,1.96483,2.13474,2.28564,2.43262,0.00877729,0.00350791,0.000949918
526,0.024884,0.106306,0.470718,1.188,1.7097,1.96483,2.13474,2.28564,2.43262,0.00877391,0.00350672,0.000949764
527,0.0248741,0.106304,0.470718,1.188,1.7097,1.96483,2.13474,2.28564,2.43262,0.00877052,0.00350553,0.000949611
528,0.0248642,0.106302,0.470719,1.188,1.7097,1.96483,2.13474,2.28564,2.43262,0.00876714,0.00350434,0.000949457
529,0.0248544,0.1063,0.470721,1.188,1.7097,1.96483,2.13474,2.28564,2.43262,0.00876376,0.00350315,0.000949304
530,0.0248445,0.106298,0.470723,1.188,1.7097,1.96483,2.13474,2.28564,2.43262,0.00876039,0.00350196,0.000949151
531,0.0248347,0.106296,0.470725,1.188,1.7097,1.96483,2.13474,2.28564,2.43262,0.00875702,0.00350078,0.000948998
532,0.0248249,0.106295,0.470726,1.188,1.7097,1.96483,2.13474,2.28564,2.43262,0.00875365,0.00349959,0.000948845
533,0.0248151,0.106293,0.470727,1.188,1.7097,1.96483,2.13474,2.28564,2.43262,0.00875028,0.0034984,0.000948693
534,0.0248053,0.106291,0.470727,1.188,1.7097,1.96483,2.13474,2.28564,2.43262,0.00874692,0.00349722,0.00094854
535,0.0247956,0.106289,0.470726,1.188,1.7097,1.96483,2.13474,2.28564,2.43262,0.00874356,0.00349603,0.000948388
536,0.0247858,0.106288,0.470726,1.188,1.7097,1.96483,2.13474,2.28564,2.43262,0.0087402,0.00349485,0.000948236
537,0.0247761,0.106286,0.470725,1.188,1.7097,1.96483,2.13474,2.28564,2.43262,0.00873685,0.00349367,0.000948084
538,0.0247664,0.106284,0.470724,1.188,1.7097,1.96483,2.13474,2.28564,2.43262,0.0087335,0.00349249,0.000947933
539,0.0247567,0.106283,0.470722,1.188,1.7097,1.96483,2.13474,2.28564,2.43262,0.00873015,0.0034913,0.000947781
540,0.024747,0.106281,0.470721,1.188,1.7097,1.96483,2.13474,2.28564,2.43262,0.0087268,0.00349012,0.00094763
541,0.0247374,0.10628,0.47072,1.188,1.7097,1.96483,2.13474,2.28564,2.43262,0.00872346,0.00348894,0.000947479
542,0.0247278,0.106278,0.47072,1.188,1.7097,1.96483,2.13474,2.28564,2.43262,0.00872012,0.00348777,0.000947328
543,0.0247182,0.106277,0.470721,1.188,1.7097,1.96483,2.13474,2.28564,2.43262,0.00871678,0.00348659,0.000947177
544,0.0247086,0.106275,0.470722,1.188,1.7097,1.96483,2.13474,2.28564,2.43262,0.00871345,0.00348541,0.000947026
545,0.024699,0.106274,0.470723,1.188,1.7097,1.96483,2.13474,2.28564,2.43262,0.00871012,0.00348423,0.000946876
546,0.0246894,0.106272,0.470723,1.188,1.7097,1.96483,2.13474,2.28564,2.43262,0.00870679,0.00348306,0.000946726
547,0.0246799,0.106271,0.470723,1.188,1.7097,1.96483,2.13474,2.28564,2.43262,0.00870346,0.00348188,0.000946575
548,0.0246703,0.10627,0.470724,1.188,1.7097,1.96483,2.13474,2.28564,2.43262,0.00870014,0.00348071,0.000946425
549,0.0246608,0.106268,0.470724,1.188,1.7097,1.96483,2.13474,2.28564,2.43262,0.00869682,0.00347954,0.000946275
550,0.0246513,0.106267,0.470724,1.188,1.7097,1.96483,2.13474,2.28564,2.43262,0.0086935,0.00347836,0.000946126
551,0.0246418,0.106266,0.470724,1.188,1.7097,1.96483,2.13474,2.28564,2.43262,0.00869019,0.00347719,0.000945976
552,0.0246324,0.106264,0.470724,1.188,1.7097,1.96483,2.13474,2.28564,2.43262,0.00868687,0.00347602,0.000945827
553,0.0246229,0.106263,0.470724,1.188,1.7097,1.96483,2.13474,2.28564,2.43262,0.00868356,0.00347485,0.000945678
554,0.0246135,0.106262,0.470724,1.188,1.7097,1.96483,2.13474,2.28564,2.43262,0.00868026,0.00347368,0.000945529
555,0.0246041,0.106261,0.470724,1.188,1.7097,1.96483,2.13474,2.28564,2.43262,0.00867695,0.00347251,0.00094538
556,0.0245947,0.10626,0.470723,1.188,1.7097,1.96483,2.13474,2.28564,2.43262,0.00867365,0.00347135,0.000945231
557,0.0245853,0.106259,0.470723,1.188,1.7097,1.96483,2.13474,2.28564,2.43262,0.00867035,0.00347018,0.000945082
558,0.0245759,0.106257,0.470723,1.188,1.7097,1.96483,2.13474,2.28564,2.43262,0.00866706,0.00346901,0.000944934
559,0.0245665,0.106256,0.470723,1.188,1.7097,1.96483,2.13474,2.28564,2.43262,0.00866376,0.00346785,0.000944785
560,0.0245572,0.106255,0.470723,1.188,1.7097,1.96483,2.13474,2.28564,2.43262,0.00866047,0.00346668,0.000944637
561,0.0245479,0.106254,0.470723,1.188,1.7097,1.96483,2.13474,2.28564,2.43262,0.00865719,0.00346552,0.000944489
562,0.0245385,0.106253,0.470724,1.188,1.7097,1.96483,2.13474,2.28564,2.43262,0.0086539,0.00346436,0.000944341
563,0.0245292,0.106252,0.470724,1.188,1.7097,1.96483,2.13474,2.28564,2.43262,0.00865062,0.00346319,0.000944193
564,0.02452,0.106251,0.470724,1.188,1.7097,1.96483,2.13474,2.28564,2.43262,0.00864734,0.00346203,0.000944046
565,0.0245107,0.10625,0.470724,1.188,1.7097,1.96483,2.13474,2.28564,2.43262,0.00864406,0.00346087,0.000943898
566,0.0245014,0.106249,0.470724,1.188,1.7097,1.96483,2.13474,2.28564,2.43262,0.00864079,0.00345971,0.000943751
567,0.0244922,0.106248,0.470724,1.188,1.7097,1.96483,2.13474,2.28564,2.43262,0.00863751,0.00345855,0.000943604
568,0.0244829,0.106247,0.470724,1.188,1.7097,1.96483,2.13474,2.28564,2.43262,0.00863424,0.00345739,0.000943457
569,0.0244737,0.106246,0.470724,1.188,1.7097,1.96483,2.13474,2.28564,2.43262,0.00863098,0.00345624,0.00094331
570,0.0244645,0.106246,0.470724,1.188,1.7097,1.96483,2.13474,2.28564,2.43262,0.00862771,0.00345508,0.000943163
571,0.0244553,0.106245,0.470724,1.188,1.7097,1.96483,2.13474,2.28564,2.43262,0.00862445,0.00345392,0.000943016
572,0.0244461,0.106244,0.470724,1.188,1.7097,1.96483,2.13474,2.28564,2.43262,0.00862119,0.00345277,0.00094287
573,0.024437,0.106243,0.470724,1.188,1.7097,1.96483,2.13474,2.28564,2.43262,0.00861793,0.00345161,0.000942724
574,0.0244278,0.106242,0.470724,1.188,1.7097,1.96483,2.13474,2.28564,2.43262,0.00861468,0.00345046,0.000942577
575,0.0244187,0.106241,0.470724,1.188,1.7097,1.96483,2.13474,2.28564,2.43262,0.00861143,0.00344931,0.000942431
576,0.0244095,0.106241,0.470724,1.188,1.7097,1.96483,2.13474,2.28564,2.43262,0.00860818,0.00344815,0.000942285
577,0.0244004,0.10624,0.470724,1.188,1.7097,1.96483,2.13474,2.28564,2.43262,0.00860493,0.003447,0.000942139
578,0.0243913,0.106239,0.470724,1.188,1.7097,1.96483,2.13474,2.28564,2.43262,0.00860169,0.00344585,0.000941994
579,0.0243822,0.106238,0.470724,1.188,1.7097,1.96483,2.13474,2.28564,2.43262,0.00859845,0.0034447,0.000941848
580,0.0243731,0.106238,0.470724,1.188,1.7097,1.96483,2.13474,2.28564,2.43263,0.00859521,0.00344355,0.000941703
581,0.024364,0.106237,0.470724,1.188,1.7097,1.96483,2.13474,2.28564,2.43263,0.00859197,0.0034424,0.000941557
582,0.024355,0.106236,0.470724,1.188,1.7097,1.96483,2.13474,2.28564,2.43263,0.00858873,0.00344125,0.000941412
583,0.0243459,0.106236,0.470724,1.188,1.7097,1.96483,2.13474,2.28564,2.43263,0.0085855,0.0034401,0.000941267
584,0.0243369,0.106235,0.470724,1.188,1.7097,1.96483,2.13474,2.28564,2.43263,0.00858227,0.00343896,0.000941122
585,0.0243279,0.106234,0.470724,1.188,1.7097,1.96483,2.13474,2.28564,2.43263,0.00857905,0.00343781,0.000940977
586,0.0243189,0.106234,0.470724,1.188,1.7097,1.96483,2.13474,2.28564,2.43263,0.00857582,0.00343667,0.000940833
587,0.0243099,0.106233,0.470724,1.188,1.7097,1.96483,2.13474,2.28564,2.43263,0.0085726,0.00343552,0.000940688
588,0.0243009,0.106232,0.470724,1.188,1.7097,1.96483,2.13474,2.28564,2.43263,0.00856938,0.00343438,0.000940544
589,0.0242919,0.106232,0.470724,1.188,1.7097,1.96483,2.13474,2.28564,2.43263,0.00856616,0.00343323,0.000940399
590,0.0242829,0.106231,0.470724,1.188,1.7097,1.96483,2.13474,2.28564,2.43263,0.00856295,0.00343209,0.000940255
591,0.024274,0.106231,0.470724,1.188,1.7097,1.96483,2.13474,2.28564,2.43263,0.00855973,0.00343095,0.000940111
592,0.024265,0.10623,0.470724,1.188,1.7097,1.96483,2.13474,2.28564,2.43263,0.00855652,0.00342981,0.000939967
593,0.0242561,0.106229,0.470724,1.188,1.7097,1.96483,2.13474,2.28564,2.43263,0.00855332,0.00342867,0.000939823
594,0.0242471,0.106229,0.470724,1.188,1.7097,1.96483,2.13474,2.28564,2.43263,0.00855011,0.00342753,0.00093968
595,0.0242382,0.106228,0.470724,1.188,1.7097,1.96483,2.13474,2.28564,2.43263,0.00854691,0.00342639,0.000939536
596,0.0242293,0.106228,0.470724,1.188,1.7097,1.96483,2.13474,2.28564,2.43263,0.00854371,0.00342525,0.000939392
597,0.0242204,0.106227,0.470724,1.188,1.7097,1.96483,2.13474,2.28564,2.43263,0.00854051,0.00342411,0.000939249
598,0.0242115,0.106227,0.470724,1.188,1.7097,1.96483,2.13474,2.28564,2.43263,0.00853731,0.00342298,0.000939106
599,0.0242026,0.106226,0.470724,1.188,1.7097,1.96483,2.13474,2.28564,2.43263,0.00853412,0.00342184,0.000938963
600,0.0241938,0.106226,0.470724,1.188,1.7097,1.96483,2.13474,2.28564,2.43263,0.00853093,0.0034207,0.00093882
